29.10.24,14:59,0,24
29.10.24,15:11,0,24
29.10.24,15:13,14.300000190734863,81.5999984741211
29.10.24,15:25,14.5,81.4000015258789
29.10.24,15:34,14.600000381469727,81.19999694824219
29.10.24,15:35,14.600000381469727,81.4000015258789
29.10.24,15:40,14.600000381469727,81.19999694824219
29.10.24,15:45,14.699999809265137,81.5
29.10.24,15:46,14.70,81.30
29.10.24,15:50,14.80,81.20
29.10.24,15:55,14.80,81.60
29.10.24,16:00,14.90,81.30
29.10.24,16:05,14.90,81.40
29.10.24,16:10,14.90,81.20
29.10.24,16:15,15.00,81.10
29.10.24,16:20,15.00,81.00
29.10.24,16:25,15.00,81.40
29.10.24,16:30,15.10,80.90
29.10.24,16:35,15.10,80.90
29.10.24,16:40,15.20,80.80
29.10.24,16:45,15.10,81.00
29.10.24,16:50,15.30,80.80
29.10.24,16:55,15.20,80.70
29.10.24,17:00,15.20,80.70
29.10.24,17:05,15.30,80.90
29.10.24,17:10,15.20,81.00
29.10.24,17:15,15.20,81.30
29.10.24,17:20,15.20,81.30
29.10.24,17:25,15.20,81.50
29.10.24,17:30,15.30,81.30
29.10.24,17:35,15.30,81.30
29.10.24,17:40,15.30,81.40
29.10.24,17:45,15.30,81.50
29.10.24,17:50,15.20,81.10
29.10.24,17:55,15.30,80.90
29.10.24,18:00,15.30,80.70
29.10.24,18:05,15.30,81.20
29.10.24,18:10,15.30,81.10
29.10.24,18:15,15.30,81.10
29.10.24,18:20,15.30,80.90
29.10.24,18:25,15.20,81.00
29.10.24,18:30,15.20,80.80
29.10.24,18:35,15.20,80.70
29.10.24,18:40,15.20,80.40
29.10.24,18:45,15.20,80.30
29.10.24,18:50,15.10,80.40
29.10.24,18:55,15.20,80.30
29.10.24,19:00,15.20,80.20
29.10.24,19:05,15.20,80.20
29.10.24,19:10,15.10,80.40
29.10.24,19:15,15.20,80.30
29.10.24,19:20,15.10,80.10
29.10.24,19:25,15.10,79.90
29.10.24,19:30,15.10,80.00
29.10.24,19:35,15.00,80.20
29.10.24,19:40,15.10,80.00
29.10.24,19:45,15.00,80.20
29.10.24,19:50,15.00,80.10
29.10.24,19:55,15.00,79.80
29.10.24,20:00,15.00,79.80
29.10.24,20:05,15.00,80.10
29.10.24,20:10,15.00,79.90
29.10.24,20:15,15.00,79.60
29.10.24,20:20,15.10,79.70
29.10.24,20:25,15.00,79.80
29.10.24,20:30,15.00,79.60
29.10.24,20:35,15.00,79.60
29.10.24,20:40,15.00,79.20
29.10.24,20:45,15.00,79.20
29.10.24,20:50,14.90,79.30
29.10.24,20:55,14.90,79.50
29.10.24,21:00,14.90,79.30
29.10.24,21:05,14.90,79.20
29.10.24,21:10,14.80,79.10
29.10.24,21:15,14.80,79.20
29.10.24,21:20,14.80,79.10
29.10.24,21:25,14.70,79.00
29.10.24,21:30,14.70,78.80
29.10.24,21:35,14.70,78.90
29.10.24,21:40,14.60,78.90
29.10.24,21:45,14.60,79.00
29.10.24,21:50,14.60,78.90
29.10.24,21:55,14.60,78.70
29.10.24,22:00,14.50,78.70
29.10.24,22:05,14.50,78.70
29.10.24,22:10,14.40,78.60
29.10.24,22:15,14.40,78.50
29.10.24,22:20,14.40,78.60
29.10.24,22:25,14.40,78.40
29.10.24,22:30,14.30,78.50
29.10.24,22:35,14.30,78.50
29.10.24,22:40,14.30,78.50
29.10.24,22:45,14.20,78.40
29.10.24,22:50,14.30,78.20
29.10.24,22:55,14.20,78.40
29.10.24,23:00,14.20,78.30
29.10.24,23:05,14.10,78.20
29.10.24,23:10,14.10,78.10
29.10.24,23:15,14.10,78.30
29.10.24,23:20,14.10,78.10
29.10.24,23:25,14.10,77.90
29.10.24,23:30,14.00,77.80
29.10.24,23:35,13.90,77.80
29.10.24,23:40,13.90,78.00
29.10.24,23:45,13.90,78.00
29.10.24,23:50,13.90,77.80
29.10.24,23:55,13.80,78.20
30.10.24,00:00,13.70,78.00
30.10.24,00:05,13.70,77.90
30.10.24,00:10,13.70,77.80
30.10.24,00:15,13.80,77.60
30.10.24,00:20,13.70,77.70
30.10.24,00:25,13.70,77.40
30.10.24,00:30,13.60,77.40
30.10.24,00:35,13.60,77.30
30.10.24,00:40,13.60,77.40
30.10.24,00:45,13.50,77.40
30.10.24,00:50,13.50,77.30
30.10.24,00:55,13.50,77.40
30.10.24,01:00,13.40,77.30
30.10.24,01:05,13.40,77.10
30.10.24,01:10,13.40,77.20
30.10.24,01:15,13.40,77.00
30.10.24,01:20,13.40,77.00
30.10.24,01:25,13.40,76.90
30.10.24,01:30,13.40,76.80
30.10.24,01:35,13.40,76.80
30.10.24,01:40,13.40,76.70
30.10.24,01:45,13.30,76.90
30.10.24,01:50,13.20,77.00
30.10.24,01:55,13.20,76.90
30.10.24,02:00,13.20,77.10
30.10.24,02:05,13.20,77.30
30.10.24,02:10,13.30,76.80
30.10.24,02:15,13.20,77.00
30.10.24,02:20,13.20,77.00
30.10.24,02:25,13.10,77.00
30.10.24,02:30,13.10,77.30
30.10.24,02:35,13.10,77.10
30.10.24,02:40,13.10,77.10
30.10.24,02:45,13.00,77.30
30.10.24,02:50,13.00,77.10
30.10.24,02:55,13.00,77.20
30.10.24,03:00,13.00,76.90
30.10.24,03:05,12.90,76.90
30.10.24,03:10,12.90,77.00
30.10.24,03:15,12.90,76.80
30.10.24,03:20,12.90,76.90
30.10.24,03:25,12.90,76.60
30.10.24,03:30,12.80,76.80
30.10.24,03:35,12.80,76.70
30.10.24,03:40,12.80,76.60
30.10.24,03:45,12.80,76.50
30.10.24,03:50,12.70,76.80
30.10.24,03:55,12.70,76.80
30.10.24,04:00,12.60,76.80
30.10.24,04:05,12.70,76.90
30.10.24,04:10,12.60,76.80
30.10.24,04:15,12.60,76.70
30.10.24,04:20,12.70,76.70
30.10.24,04:25,12.60,76.80
30.10.24,04:30,12.70,76.80
30.10.24,04:35,12.60,76.90
30.10.24,04:40,12.70,77.00
30.10.24,04:45,12.70,77.00
30.10.24,04:50,12.60,77.00
30.10.24,04:55,12.70,77.10
30.10.24,05:00,12.60,77.10
30.10.24,05:05,12.60,76.90
30.10.24,05:10,12.60,76.90
30.10.24,05:15,12.50,77.00
30.10.24,05:20,12.60,76.80
30.10.24,05:25,12.60,77.00
30.10.24,05:30,12.70,76.50
30.10.24,05:35,12.60,76.80
30.10.24,05:40,12.60,76.60
30.10.24,05:45,12.60,76.70
30.10.24,05:50,12.70,76.80
30.10.24,05:55,12.60,76.60
30.10.24,06:00,12.60,76.90
30.10.24,06:05,12.60,76.90
30.10.24,06:10,12.60,77.00
30.10.24,06:15,12.60,76.80
30.10.24,06:20,12.60,76.80
30.10.24,06:25,12.60,76.80
30.10.24,06:30,12.60,76.70
30.10.24,06:35,12.60,76.80
30.10.24,06:40,12.60,76.70
30.10.24,06:45,12.60,76.90
30.10.24,06:50,12.60,77.00
30.10.24,06:55,12.50,76.90
30.10.24,07:00,12.50,77.10
30.10.24,07:05,12.60,77.00
30.10.24,07:10,12.70,77.10
30.10.24,07:15,12.50,77.20
30.10.24,07:20,12.60,77.10
30.10.24,07:25,12.60,77.00
30.10.24,07:30,12.60,77.60
30.10.24,07:35,12.70,77.60
30.10.24,07:40,12.70,77.40
30.10.24,07:45,12.80,77.60
30.10.24,07:50,12.90,77.70
30.10.24,07:55,13.00,77.60
30.10.24,08:00,13.10,78.20
30.10.24,08:05,13.10,78.60
30.10.24,08:10,13.20,80.70
30.10.24,08:15,13.20,80.10
30.10.24,08:20,13.40,80.80
30.10.24,08:25,13.50,81.80
30.10.24,08:30,13.80,82.90
30.10.24,08:35,14.10,83.40
30.10.24,08:40,14.40,83.80
30.10.24,08:45,14.80,83.50
30.10.24,08:50,15.80,82.60
30.10.24,08:55,16.90,80.20
30.10.24,09:00,18.10,78.30
30.10.24,09:05,19.00,75.80
30.10.24,09:10,19.50,74.40
30.10.24,09:15,20.00,73.10
30.10.24,09:20,20.40,72.90
30.10.24,09:25,20.50,72.40
30.10.24,09:30,20.70,72.00
30.10.24,09:35,20.80,72.10
30.10.24,09:40,21.20,71.30
30.10.24,09:45,21.60,70.80
30.10.24,09:50,22.10,69.80
30.10.24,09:55,22.30,69.30
30.10.24,10:00,22.50,68.20
30.10.24,10:05,22.60,67.60
30.10.24,10:10,22.80,67.90
30.10.24,10:15,22.80,68.10
30.10.24,10:20,22.90,68.10
30.10.24,10:25,23.00,66.40
30.10.24,10:30,22.90,66.70
30.10.24,10:35,22.90,67.90
30.10.24,10:40,22.80,67.60
30.10.24,10:45,22.80,66.60
30.10.24,10:50,22.80,66.80
30.10.24,10:55,22.70,67.20
30.10.24,11:00,22.50,67.90
30.10.24,11:05,22.50,68.10
30.10.24,11:10,22.50,68.00
30.10.24,11:15,22.50,67.50
30.10.24,11:20,22.70,66.80
30.10.24,11:25,22.70,68.50
30.10.24,11:30,22.80,67.00
30.10.24,11:35,22.90,67.00
30.10.24,11:40,22.90,66.80
30.10.24,11:45,23.00,66.40
30.10.24,11:50,23.10,66.40
30.10.24,11:55,23.20,65.70
30.10.24,12:00,23.20,65.90
30.10.24,12:05,23.40,66.00
30.10.24,12:10,23.50,65.40
30.10.24,12:15,23.60,65.80
30.10.24,12:20,23.70,65.40
30.10.24,12:25,23.70,64.60
30.10.24,12:30,23.80,64.00
30.10.24,12:35,24.00,64.60
30.10.24,12:40,24.10,63.90
30.10.24,12:45,24.30,63.00
30.10.24,12:50,24.40,62.70
30.10.24,12:55,24.40,62.20
30.10.24,13:00,24.60,61.50
30.10.24,13:05,24.70,61.40
30.10.24,13:10,24.80,60.90
30.10.24,13:15,24.90,59.80
30.10.24,13:20,24.90,59.70
30.10.24,13:25,24.80,59.80
30.10.24,13:30,24.90,60.40
30.10.24,13:35,24.90,61.30
30.10.24,13:40,25.10,60.10
30.10.24,13:45,25.10,60.80
30.10.24,13:50,25.20,59.30
30.10.24,13:55,25.20,59.50
30.10.24,14:00,25.20,59.50
30.10.24,14:05,25.30,59.70
30.10.24,14:10,25.50,59.10
30.10.24,14:15,25.40,58.40
30.10.24,14:20,25.40,58.60
30.10.24,14:25,25.40,59.20
30.10.24,14:30,25.40,59.00
30.10.24,14:35,25.40,59.00
30.10.24,14:40,25.40,58.70
30.10.24,14:45,25.40,58.90
30.10.24,14:50,25.40,58.70
30.10.24,14:55,25.50,58.10
30.10.24,15:00,25.50,57.90
30.10.24,15:05,25.50,58.40
30.10.24,15:10,25.40,58.50
30.10.24,15:15,25.40,58.50
30.10.24,15:20,25.40,57.70
30.10.24,15:25,25.40,58.30
30.10.24,15:30,25.30,58.80
30.10.24,15:35,25.30,57.90
30.10.24,15:40,25.30,58.30
30.10.24,15:45,25.10,58.40
30.10.24,15:50,25.10,58.60
30.10.24,15:55,25.10,58.50
30.10.24,16:00,25.10,59.20
30.10.24,16:05,25.00,59.40
30.10.24,16:10,24.90,59.30
30.10.24,16:15,24.90,59.20
30.10.24,16:20,24.90,59.70
30.10.24,16:25,24.80,59.10
30.10.24,16:30,24.70,59.60
30.10.24,16:35,24.60,59.30
30.10.24,16:40,24.50,59.80
30.10.24,16:45,24.40,59.90
30.10.24,16:50,24.40,60.10
30.10.24,16:55,24.30,60.50
30.10.24,17:00,24.20,60.40
30.10.24,17:05,24.20,60.70
30.10.24,17:10,24.10,61.30
30.10.24,17:15,24.00,61.00
30.10.24,17:20,23.90,61.20
30.10.24,17:25,23.80,61.90
30.10.24,17:30,23.80,61.60
30.10.24,17:35,23.60,62.20
30.10.24,17:40,23.50,62.00
30.10.24,17:45,23.40,62.00
30.10.24,17:50,23.30,62.20
30.10.24,17:55,23.20,62.50
30.10.24,18:00,23.20,62.50
30.10.24,18:05,23.20,62.60
30.10.24,18:10,23.00,62.80
30.10.24,18:15,22.90,63.00
30.10.24,18:20,22.80,63.50
30.10.24,18:25,22.80,63.30
30.10.24,18:30,22.70,63.50
30.10.24,18:35,22.70,63.00
30.10.24,18:40,22.60,63.60
30.10.24,18:45,22.50,63.90
30.10.24,18:50,22.40,64.00
30.10.24,18:55,22.40,63.90
30.10.24,19:00,22.40,63.70
30.10.24,19:05,22.40,63.70
30.10.24,19:10,22.40,63.70
30.10.24,19:15,22.30,63.60
30.10.24,19:20,22.30,63.70
30.10.24,19:25,22.30,63.60
30.10.24,19:30,22.30,63.90
30.10.24,19:35,22.20,63.90
30.10.24,19:40,22.20,63.90
30.10.24,19:45,22.20,63.80
30.10.24,19:50,22.10,64.20
30.10.24,19:55,22.10,63.90
30.10.24,20:00,22.10,64.20
30.10.24,20:05,22.00,64.10
30.10.24,20:10,22.10,64.20
30.10.24,20:15,22.00,63.90
30.10.24,20:20,22.00,64.10
30.10.24,20:25,22.00,64.00
30.10.24,20:30,22.00,63.70
30.10.24,20:35,22.00,63.70
30.10.24,20:40,22.20,63.20
30.10.24,20:45,22.10,63.60
30.10.24,20:50,22.00,63.80
30.10.24,20:55,22.00,63.80
30.10.24,21:00,22.00,63.80
30.10.24,21:05,22.10,63.40
30.10.24,21:10,22.10,63.10
30.10.24,21:15,22.10,63.40
30.10.24,21:20,21.90,63.70
30.10.24,21:25,22.00,63.50
30.10.24,21:30,22.00,63.50
30.10.24,21:35,21.90,63.50
30.10.24,21:40,22.00,63.60
30.10.24,21:45,21.90,63.60
30.10.24,21:50,21.90,63.60
30.10.24,21:55,21.90,63.40
30.10.24,22:00,21.90,63.70
30.10.24,22:05,21.80,63.80
30.10.24,22:10,21.80,63.80
30.10.24,22:15,21.70,64.00
30.10.24,22:20,21.70,64.30
30.10.24,22:25,21.60,64.40
30.10.24,22:30,21.60,64.50
30.10.24,22:35,21.60,64.40
30.10.24,22:40,21.60,64.60
30.10.24,22:45,21.60,64.40
30.10.24,22:50,21.50,64.60
30.10.24,22:55,21.50,64.90
30.10.24,23:00,21.50,65.10
30.10.24,23:05,21.50,64.60
30.10.24,23:10,21.50,64.50
30.10.24,23:15,21.60,64.50
30.10.24,23:20,21.50,64.40
30.10.24,23:25,21.60,64.40
30.10.24,23:30,21.50,64.60
30.10.24,23:35,21.30,65.40
30.10.24,23:40,21.30,65.00
30.10.24,23:45,21.30,65.10
30.10.24,23:50,21.30,65.20
30.10.24,23:55,21.40,64.90
31.10.24,00:00,21.30,65.20
31.10.24,00:05,21.30,65.30
31.10.24,00:10,21.30,65.00
31.10.24,00:15,21.20,65.40
31.10.24,00:20,21.10,65.60
31.10.24,00:25,21.10,65.70
31.10.24,00:30,21.10,65.50
31.10.24,00:35,21.10,65.80
31.10.24,00:40,21.00,65.70
31.10.24,00:45,21.00,66.00
31.10.24,00:50,20.90,65.80
31.10.24,00:55,20.90,65.90
31.10.24,01:00,20.80,66.00
31.10.24,01:05,20.80,65.90
31.10.24,01:10,20.70,66.20
31.10.24,01:15,20.70,66.10
31.10.24,01:20,20.70,66.20
31.10.24,01:25,20.60,66.50
31.10.24,01:30,20.60,66.40
31.10.24,01:35,20.60,66.20
31.10.24,01:40,20.60,66.20
31.10.24,01:45,20.50,66.20
31.10.24,01:50,20.40,66.20
31.10.24,01:55,20.50,66.30
31.10.24,02:00,20.40,66.30
31.10.24,02:05,20.30,66.40
31.10.24,02:10,20.30,66.40
31.10.24,02:15,20.20,66.40
31.10.24,02:20,20.20,66.60
31.10.24,02:25,20.20,66.50
31.10.24,02:30,20.10,66.40
31.10.24,02:35,20.10,66.80
31.10.24,02:40,20.10,66.80
31.10.24,02:45,20.00,66.80
31.10.24,02:50,20.00,66.70
31.10.24,02:55,20.00,66.70
31.10.24,03:00,19.80,66.80
31.10.24,03:05,19.70,67.00
31.10.24,03:10,19.70,67.20
31.10.24,03:15,19.60,67.30
31.10.24,03:20,19.50,67.60
31.10.24,03:25,19.40,67.70
31.10.24,03:30,19.40,67.90
31.10.24,03:35,19.30,67.90
31.10.24,03:40,19.20,67.90
31.10.24,03:45,19.20,67.70
31.10.24,03:50,19.10,67.90
31.10.24,03:55,19.00,68.30
31.10.24,04:00,19.00,68.20
31.10.24,04:05,19.00,68.20
31.10.24,04:10,18.90,68.40
31.10.24,04:15,18.80,68.20
31.10.24,04:20,18.70,68.80
31.10.24,04:25,18.70,68.70
31.10.24,04:30,18.70,68.90
31.10.24,04:35,18.60,68.80
31.10.24,04:40,18.60,69.20
31.10.24,04:45,18.60,69.50
31.10.24,04:50,18.60,69.60
31.10.24,04:55,18.70,69.50
31.10.24,05:00,18.60,69.40
31.10.24,05:05,18.70,69.70
31.10.24,05:10,18.70,69.20
31.10.24,05:15,18.70,69.50
31.10.24,05:20,18.70,69.40
31.10.24,05:25,18.60,69.30
31.10.24,05:30,18.60,69.60
31.10.24,05:35,18.60,69.50
31.10.24,05:40,18.50,69.60
31.10.24,05:45,18.50,69.50
31.10.24,05:50,18.50,69.50
31.10.24,05:55,18.40,69.80
31.10.24,06:00,18.40,69.80
31.10.24,06:05,18.40,70.00
31.10.24,06:10,18.40,70.70
31.10.24,06:15,18.40,70.30
31.10.24,06:20,18.40,70.50
31.10.24,06:25,18.40,70.20
31.10.24,06:30,18.40,70.40
31.10.24,06:35,18.30,70.40
31.10.24,06:40,18.30,70.60
31.10.24,06:45,18.30,70.30
31.10.24,06:50,18.30,70.50
31.10.24,06:55,18.20,70.40
31.10.24,07:00,18.20,70.30
31.10.24,07:05,18.20,70.40
31.10.24,07:10,18.10,70.20
31.10.24,07:15,18.10,70.40
31.10.24,07:20,18.00,70.70
31.10.24,07:25,18.10,70.80
31.10.24,07:30,18.00,70.80
31.10.24,07:35,18.10,70.70
31.10.24,07:40,18.00,71.10
31.10.24,07:45,18.10,71.40
31.10.24,07:50,18.10,71.50
31.10.24,07:55,18.10,71.70
31.10.24,08:00,18.10,71.50
31.10.24,08:05,18.20,71.60
31.10.24,08:10,18.20,71.80
31.10.24,08:15,18.20,72.10
31.10.24,08:20,18.30,71.30
31.10.24,08:25,18.40,71.70
31.10.24,08:30,18.40,71.80
31.10.24,08:35,18.50,71.60
31.10.24,08:40,18.60,71.60
31.10.24,08:45,18.80,71.10
31.10.24,08:50,19.10,70.70
31.10.24,08:55,19.80,69.30
31.10.24,09:00,21.00,66.00
31.10.24,09:05,22.40,62.20
31.10.24,09:10,23.70,57.80
31.10.24,09:15,24.10,56.70
31.10.24,09:20,24.30,56.20
31.10.24,09:25,25.10,54.80
31.10.24,09:30,26.00,53.20
31.10.24,09:35,26.40,50.90
31.10.24,09:40,26.10,51.90
31.10.24,09:45,26.00,52.40
31.10.24,09:50,25.50,53.50
31.10.24,09:55,25.40,53.80
31.10.24,10:00,25.50,54.50
31.10.24,10:05,25.40,54.40
31.10.24,10:10,25.50,54.40
31.10.24,10:15,25.40,54.80
31.10.24,10:20,25.20,54.40
31.10.24,10:25,25.10,54.90
31.10.24,10:30,25.20,55.50
31.10.24,10:35,25.10,55.40
31.10.24,10:40,24.90,55.70
31.10.24,10:45,25.00,56.10
31.10.24,10:50,24.90,56.20
31.10.24,10:55,24.90,56.80
31.10.24,11:00,24.90,56.70
31.10.24,11:05,24.90,56.50
31.10.24,11:10,25.10,56.70
31.10.24,11:15,25.10,56.90
31.10.24,11:20,25.10,57.10
31.10.24,11:25,25.20,56.30
31.10.24,11:30,25.20,57.00
31.10.24,11:35,25.20,56.60
31.10.24,11:40,25.20,57.30
31.10.24,11:45,25.20,57.50
31.10.24,11:50,25.40,57.00
31.10.24,11:55,25.40,56.80
31.10.24,12:00,25.30,57.10
31.10.24,12:05,25.20,57.70
31.10.24,12:10,25.20,58.00
31.10.24,12:15,25.10,58.00
31.10.24,12:20,25.00,58.70
31.10.24,12:25,18.50,58.90
31.10.24,12:30,24.90,58.90
31.10.24,12:35,24.70,59.70
31.10.24,12:40,24.60,59.90
31.10.24,12:45,24.60,60.60
31.10.24,12:50,24.70,60.60
31.10.24,12:55,24.60,60.90
31.10.24,13:00,24.70,60.60
31.10.24,13:05,24.50,61.20
31.10.24,13:10,24.50,61.30
31.10.24,13:15,24.60,60.90
31.10.24,13:20,24.50,61.20
31.10.24,13:25,24.50,61.40
31.10.24,13:30,24.50,61.50
31.10.24,13:35,24.40,62.10
31.10.24,13:40,24.30,62.10
31.10.24,13:45,24.30,62.30
31.10.24,13:50,24.20,62.70
31.10.24,13:55,24.30,62.30
31.10.24,14:00,24.20,62.80
31.10.24,14:05,24.10,63.20
31.10.24,14:10,24.10,63.50
31.10.24,14:15,24.00,63.80
31.10.24,14:20,23.80,64.60
31.10.24,14:25,23.80,64.60
31.10.24,14:30,23.90,64.10
31.10.24,14:35,23.90,64.40
31.10.24,14:40,23.90,64.80
31.10.24,14:45,23.90,64.90
31.10.24,14:50,23.80,65.30
31.10.24,14:55,23.90,64.70
31.10.24,15:00,23.90,64.80
31.10.24,15:05,23.90,65.20
31.10.24,15:10,23.90,65.20
31.10.24,15:15,23.80,65.60
31.10.24,15:20,23.80,65.80
31.10.24,15:25,23.80,65.40
31.10.24,15:30,23.80,65.20
31.10.24,15:35,23.80,65.10
31.10.24,15:40,23.80,65.10
31.10.24,15:45,23.70,65.50
31.10.24,15:50,23.80,65.00
31.10.24,15:55,23.80,64.90
31.10.24,16:00,23.80,64.60
31.10.24,16:05,23.90,64.00
31.10.24,16:10,23.90,63.90
31.10.24,16:15,23.90,63.90
31.10.24,16:20,23.80,64.30
31.10.24,16:25,23.90,64.30
31.10.24,16:30,23.90,63.90
31.10.24,16:35,23.90,63.90
31.10.24,16:40,23.90,63.70
31.10.24,16:45,23.90,63.60
31.10.24,16:50,23.90,63.60
31.10.24,16:55,24.00,63.50
31.10.24,17:00,24.10,63.00
31.10.24,17:05,24.10,63.00
31.10.24,17:10,24.10,62.90
31.10.24,17:15,24.10,62.70
31.10.24,17:20,24.10,62.40
31.10.24,17:25,24.30,62.10
31.10.24,17:30,24.20,62.30
31.10.24,17:35,24.20,62.20
31.10.24,17:40,24.20,62.10
31.10.24,17:45,24.20,61.90
31.10.24,17:50,24.30,61.40
31.10.24,17:55,24.30,61.60
31.10.24,18:00,24.20,61.80
31.10.24,18:05,24.20,61.80
31.10.24,18:10,24.30,61.50
31.10.24,18:15,24.40,61.50
31.10.24,18:20,24.30,61.50
31.10.24,18:25,24.30,61.00
31.10.24,18:30,24.30,61.00
31.10.24,18:35,24.30,60.90
31.10.24,18:40,24.40,60.40
31.10.24,18:45,24.30,60.30
31.10.24,18:50,24.30,59.40
31.10.24,18:55,24.30,59.80
31.10.24,19:00,24.20,60.00
31.10.24,19:05,24.20,60.10
31.10.24,19:10,24.20,60.30
31.10.24,19:15,24.10,60.50
31.10.24,19:20,24.10,60.60
31.10.24,19:25,23.90,61.50
31.10.24,19:30,23.90,61.80
31.10.24,19:35,23.80,62.20
31.10.24,19:40,23.70,62.40
31.10.24,19:45,23.80,62.20
31.10.24,19:50,23.90,62.00
31.10.24,19:55,23.90,62.10
31.10.24,20:00,23.80,62.50
31.10.24,20:05,23.70,62.60
31.10.24,20:10,23.70,62.50
31.10.24,20:15,23.70,62.60
31.10.24,20:20,23.70,62.50
31.10.24,20:25,23.60,62.60
31.10.24,20:30,23.70,62.30
31.10.24,20:35,23.60,62.50
31.10.24,20:40,23.60,62.60
31.10.24,20:45,23.60,63.20
31.10.24,20:50,23.50,63.80
31.10.24,20:55,23.50,64.30
31.10.24,21:00,23.40,63.70
31.10.24,21:05,23.30,65.40
31.10.24,21:10,23.30,64.00
31.10.24,21:15,23.20,63.80
31.10.24,21:20,23.10,63.90
31.10.24,21:25,23.10,64.40
31.10.24,21:30,23.10,64.60
31.10.24,21:35,23.00,65.70
31.10.24,21:40,22.90,67.10
31.10.24,21:45,22.60,67.80
31.10.24,21:50,22.50,68.80
31.10.24,21:55,22.40,69.40
31.10.24,22:00,22.20,69.90
31.10.24,22:05,22.10,69.90
31.10.24,22:10,22.10,70.30
31.10.24,22:15,22.00,71.00
31.10.24,22:20,21.90,71.40
31.10.24,22:25,21.80,72.00
31.10.24,22:30,21.80,72.40
31.10.24,22:35,21.80,72.70
31.10.24,22:40,21.70,72.90
31.10.24,22:45,21.70,72.90
31.10.24,22:50,21.60,73.50
31.10.24,22:55,21.60,73.20
31.10.24,23:00,21.50,73.80
31.10.24,23:05,21.50,74.00
31.10.24,23:10,21.40,73.80
31.10.24,23:15,21.40,74.20
31.10.24,23:20,21.30,74.30
31.10.24,23:25,21.30,74.50
31.10.24,23:30,21.20,74.70
31.10.24,23:35,21.10,74.50
31.10.24,23:40,21.10,74.70
31.10.24,23:45,21.20,73.80
31.10.24,23:50,21.10,74.20
31.10.24,23:55,21.00,74.60
01.11.24,00:00,21.10,73.80
01.11.24,00:05,21.00,73.70
01.11.24,00:10,20.90,73.60
01.11.24,00:15,20.90,73.30
01.11.24,00:20,20.80,73.00
01.11.24,00:25,20.80,72.80
01.11.24,00:30,20.90,72.30
01.11.24,00:35,20.90,72.10
01.11.24,00:40,20.80,71.80
01.11.24,00:45,20.80,71.40
01.11.24,00:50,20.70,71.60
01.11.24,00:55,20.70,71.10
01.11.24,01:00,20.60,70.80
01.11.24,01:05,20.50,70.90
01.11.24,01:10,20.40,71.00
01.11.24,01:15,20.50,70.70
01.11.24,01:20,20.40,70.30
01.11.24,01:25,20.30,70.20
01.11.24,01:30,20.20,70.20
01.11.24,01:35,20.20,70.10
01.11.24,01:40,20.10,70.00
01.11.24,01:45,20.10,70.10
01.11.24,01:50,20.00,70.50
01.11.24,01:55,20.00,70.30
01.11.24,02:00,19.90,70.80
01.11.24,02:05,19.90,70.70
01.11.24,02:10,19.80,70.90
01.11.24,02:15,19.80,71.10
01.11.24,02:20,19.80,70.50
01.11.24,02:25,19.70,70.60
01.11.24,02:30,19.70,70.70
01.11.24,02:35,19.60,70.30
01.11.24,02:40,19.50,70.20
01.11.24,02:45,19.50,69.50
01.11.24,02:50,19.50,69.00
01.11.24,02:55,19.40,68.90
01.11.24,03:00,19.40,69.30
01.11.24,03:05,19.40,69.00
01.11.24,03:10,19.30,69.40
01.11.24,03:15,19.30,69.50
01.11.24,03:20,19.20,69.90
01.11.24,03:25,19.20,69.80
01.11.24,03:30,19.20,69.30
01.11.24,03:35,19.10,69.30
01.11.24,03:40,19.10,69.40
01.11.24,03:45,19.00,64.90
01.11.24,03:50,18.80,61.40
01.11.24,03:55,18.60,58.70
01.11.24,04:00,18.40,59.80
01.11.24,04:05,18.30,58.80
01.11.24,04:10,18.30,57.10
01.11.24,04:15,18.10,56.80
01.11.24,04:20,17.90,57.90
01.11.24,04:25,17.80,57.30
01.11.24,04:30,17.60,56.50
01.11.24,04:35,17.50,57.50
01.11.24,04:40,17.40,57.60
01.11.24,04:45,17.30,57.30
01.11.24,04:50,17.20,57.70
01.11.24,04:55,17.10,57.00
01.11.24,05:00,17.00,56.70
01.11.24,05:05,16.90,57.20
01.11.24,05:10,16.70,56.50
01.11.24,05:15,16.60,56.50
01.11.24,05:20,16.50,55.70
01.11.24,05:25,16.40,55.60
01.11.24,05:30,16.30,55.70
01.11.24,05:35,16.30,55.50
01.11.24,05:40,16.20,55.20
01.11.24,05:45,16.10,55.00
01.11.24,05:50,15.90,55.30
01.11.24,05:55,16.00,54.80
01.11.24,06:00,15.80,54.00
01.11.24,06:05,15.60,52.90
01.11.24,06:10,15.60,51.70
01.11.24,06:15,15.50,51.70
01.11.24,06:20,15.20,51.40
01.11.24,06:25,15.20,51.90
01.11.24,06:30,15.00,52.30
01.11.24,06:35,15.00,51.90
01.11.24,06:40,14.90,51.60
01.11.24,06:45,14.80,51.80
01.11.24,06:50,14.80,51.90
01.11.24,06:55,14.70,52.00
01.11.24,07:00,14.70,52.30
01.11.24,07:05,14.70,52.40
01.11.24,07:10,14.70,52.80
01.11.24,07:15,14.60,53.80
01.11.24,07:20,14.60,53.30
01.11.24,07:25,14.60,53.60
01.11.24,07:30,14.60,53.80
01.11.24,07:35,14.50,53.20
01.11.24,07:40,14.40,53.60
01.11.24,07:45,14.50,53.40
01.11.24,07:50,14.50,53.30
01.11.24,07:55,14.40,53.50
01.11.24,08:00,14.40,52.80
01.11.24,08:05,14.40,53.10
01.11.24,08:10,14.40,53.80
01.11.24,08:15,14.40,53.50
01.11.24,08:20,14.40,53.70
01.11.24,08:25,14.40,54.10
01.11.24,08:30,14.40,54.40
01.11.24,08:35,14.40,54.20
01.11.24,08:40,14.40,53.60
01.11.24,08:45,14.30,53.60
01.11.24,08:50,14.40,53.50
01.11.24,08:55,14.40,53.10
01.11.24,09:00,14.30,52.80
01.11.24,09:05,14.30,53.00
01.11.24,09:10,14.40,53.20
01.11.24,09:15,14.40,52.90
01.11.24,09:20,14.50,52.50
01.11.24,09:25,14.60,52.60
01.11.24,09:30,14.60,52.80
01.11.24,09:35,14.60,52.90
01.11.24,09:40,14.60,52.70
01.11.24,09:45,14.60,53.00
01.11.24,09:50,14.60,53.30
01.11.24,09:55,14.60,52.80
01.11.24,10:00,14.60,52.60
01.11.24,10:05,14.60,53.00
01.11.24,10:10,14.60,53.20
01.11.24,10:15,14.60,53.40
01.11.24,10:20,14.80,53.20
01.11.24,10:25,15.00,52.50
01.11.24,10:30,15.30,52.10
01.11.24,10:35,15.50,51.60
01.11.24,10:40,15.60,51.20
01.11.24,10:45,15.60,51.20
01.11.24,10:50,15.60,51.20
01.11.24,10:55,15.60,51.50
01.11.24,11:00,15.50,51.40
01.11.24,11:05,15.40,52.10
01.11.24,11:10,15.40,52.90
01.11.24,11:15,15.30,53.10
01.11.24,11:20,15.20,53.30
01.11.24,11:25,15.30,53.90
01.11.24,11:30,15.20,53.90
01.11.24,11:35,15.10,54.80
01.11.24,11:40,14.80,56.50
01.11.24,11:45,14.70,56.30
01.11.24,11:50,14.70,55.50
01.11.24,11:55,14.70,55.10
01.11.24,12:00,14.80,54.60
01.11.24,12:05,15.20,53.00
01.11.24,12:10,15.40,49.50
01.11.24,12:15,15.50,49.10
01.11.24,12:20,15.50,49.50
01.11.24,12:25,15.40,50.00
01.11.24,12:30,15.10,50.60
01.11.24,12:35,15.10,50.80
01.11.24,12:40,14.90,51.30
01.11.24,12:45,14.80,51.30
01.11.24,12:50,15.20,51.20
01.11.24,12:55,15.50,49.70
01.11.24,13:00,15.40,49.70
01.11.24,13:05,15.30,49.20
01.11.24,13:10,15.20,49.00
01.11.24,13:15,15.10,48.30
01.11.24,13:20,15.00,49.40
01.11.24,13:25,15.40,49.20
01.11.24,13:30,15.50,48.60
01.11.24,13:35,15.60,48.10
01.11.24,13:40,15.60,48.90
01.11.24,13:45,16.10,48.40
01.11.24,13:50,16.40,47.30
01.11.24,13:55,16.50,45.20
01.11.24,14:00,16.60,45.40
01.11.24,14:05,16.30,44.80
01.11.24,14:10,16.20,46.00
01.11.24,14:20,16.20,46.20
01.11.24,14:25,16.20,46.40
01.11.24,14:30,16.10,46.90
01.11.24,14:35,15.90,47.30
01.11.24,14:50,16.00,47.20
01.11.24,14:56,15.90,46.80
01.11.24,15:05,15.90,46.70
01.11.24,15:10,15.80,47.10
01.11.24,15:20,15.70,48.20
01.11.24,15:35,15.10,54.20
01.11.24,15:40,14.60,55.90
01.11.24,15:45,14.40,57.40
01.11.24,15:50,14.30,56.70
01.11.24,15:55,14.20,56.70
01.11.24,16:00,14.20,56.70
01.11.24,16:05,14.20,56.40
01.11.24,16:10,14.30,56.80
01.11.24,16:15,14.20,54.60
01.11.24,16:20,14.10,54.70
01.11.24,16:25,14.10,54.00
01.11.24,16:30,13.90,53.30
01.11.24,16:35,13.70,53.10
01.11.24,16:40,13.60,52.90
01.11.24,16:45,13.70,52.40
01.11.24,16:50,13.70,52.20
01.11.24,16:55,13.60,52.70
01.11.24,17:00,13.50,52.90
01.11.24,17:05,13.40,52.90
01.11.24,17:10,13.40,53.40
01.11.24,17:15,13.20,53.10
01.11.24,17:20,13.10,53.40
01.11.24,17:25,13.00,53.80
01.11.24,17:30,13.00,53.10
01.11.24,17:35,12.90,53.50
01.11.24,17:40,12.80,53.50
01.11.24,17:45,12.60,53.80
01.11.24,17:50,12.50,54.30
01.11.24,17:55,12.40,54.40
01.11.24,18:00,12.30,54.30
01.11.24,18:05,12.10,54.60
01.11.24,18:10,12.00,54.70
01.11.24,18:15,11.80,55.00
01.11.24,18:20,11.90,54.70
01.11.24,18:25,11.70,54.70
01.11.24,18:30,11.60,54.80
01.11.24,18:35,11.50,55.10
01.11.24,18:40,11.40,55.50
01.11.24,18:45,11.30,55.80
01.11.24,18:50,11.20,56.00
01.11.24,18:55,11.20,56.20
01.11.24,19:00,11.00,56.60
01.11.24,19:05,11.00,56.70
01.11.24,19:10,10.90,56.80
01.11.24,19:15,10.90,56.70
01.11.24,19:20,10.80,56.90
01.11.24,19:25,10.80,56.70
01.11.24,19:30,10.80,56.90
01.11.24,19:35,10.70,56.80
01.11.24,19:40,10.60,56.50
01.11.24,19:45,10.50,56.40
01.11.24,19:50,10.50,56.80
01.11.24,19:55,10.30,56.90
01.11.24,20:00,10.20,57.10
01.11.24,20:05,10.30,57.30
01.11.24,20:10,10.30,57.30
01.11.24,20:15,10.20,57.40
01.11.24,20:20,10.10,57.70
01.11.24,20:25,10.10,57.50
01.11.24,20:30,10.10,57.10
01.11.24,20:35,10.00,57.60
01.11.24,20:40,9.90,57.60
01.11.24,20:45,9.90,58.00
01.11.24,20:50,9.90,58.10
01.11.24,20:55,9.80,58.20
01.11.24,21:00,9.80,58.10
01.11.24,21:05,9.80,57.90
01.11.24,21:10,9.80,58.00
01.11.24,21:15,9.80,57.90
01.11.24,21:20,9.80,57.90
01.11.24,21:25,9.80,57.90
01.11.24,21:30,9.70,57.70
01.11.24,21:35,9.70,57.90
01.11.24,21:40,9.70,57.60
01.11.24,21:45,9.70,57.70
01.11.24,21:50,9.70,57.90
01.11.24,21:55,9.70,57.70
01.11.24,22:00,9.70,57.80
01.11.24,22:05,9.70,58.10
01.11.24,22:10,9.70,57.30
01.11.24,22:15,9.60,57.20
01.11.24,22:20,9.50,57.50
01.11.24,22:25,9.40,57.80
01.11.24,22:30,9.30,58.20
01.11.24,22:35,9.30,58.30
01.11.24,22:40,9.20,58.80
01.11.24,22:45,9.20,59.00
01.11.24,22:50,9.10,59.30
01.11.24,22:55,9.10,60.00
01.11.24,23:00,9.10,60.70
01.11.24,23:05,9.10,60.90
01.11.24,23:10,9.10,62.00
01.11.24,23:15,9.10,62.20
01.11.24,23:20,9.00,62.30
01.11.24,23:25,8.90,62.20
01.11.24,23:30,9.00,61.90
01.11.24,23:35,9.10,61.80
01.11.24,23:40,9.10,62.00
01.11.24,23:45,9.00,61.90
01.11.24,23:50,9.10,61.40
01.11.24,23:55,9.00,61.20
02.11.24,00:00,9.00,61.70
02.11.24,00:05,8.90,61.80
02.11.24,00:10,8.90,61.90
02.11.24,00:15,9.00,62.80
02.11.24,00:20,9.00,62.40
02.11.24,00:25,8.90,62.20
02.11.24,00:30,8.80,61.00
02.11.24,00:35,8.60,59.60
02.11.24,00:40,8.60,60.00
02.11.24,00:45,8.60,58.50
02.11.24,00:50,8.50,57.70
02.11.24,00:55,8.50,57.20
02.11.24,01:00,8.40,57.20
02.11.24,01:05,8.40,57.50
02.11.24,01:10,8.30,57.50
02.11.24,01:15,8.40,57.50
02.11.24,01:20,8.20,57.10
02.11.24,01:25,8.10,57.20
02.11.24,01:30,8.10,57.10
02.11.24,01:35,8.10,57.00
02.11.24,01:40,8.00,57.20
02.11.24,01:45,7.90,57.40
02.11.24,01:50,7.70,58.60
02.11.24,01:55,7.70,58.60
02.11.24,02:00,7.60,59.00
02.11.24,02:05,7.70,58.40
02.11.24,02:10,7.60,58.70
02.11.24,02:15,7.60,58.70
02.11.24,02:20,7.50,59.00
02.11.24,02:25,7.40,59.20
02.11.24,02:30,7.30,59.20
02.11.24,02:35,7.30,59.10
02.11.24,02:40,7.30,59.20
02.11.24,02:45,7.30,59.10
02.11.24,02:50,7.10,59.10
02.11.24,02:55,7.20,59.20
02.11.24,03:00,7.10,59.30
02.11.24,03:05,7.10,59.20
02.11.24,03:10,7.00,59.40
02.11.24,03:15,7.00,59.20
02.11.24,03:20,7.00,59.20
02.11.24,03:25,6.90,59.40
02.11.24,03:30,6.80,59.70
02.11.24,03:35,6.80,60.20
02.11.24,03:40,6.80,60.20
02.11.24,03:45,6.80,59.90
02.11.24,03:50,6.70,60.10
02.11.24,03:55,6.50,61.00
02.11.24,04:00,6.40,61.10
02.11.24,04:05,6.40,61.30
02.11.24,04:10,6.40,61.50
02.11.24,04:15,6.40,61.50
02.11.24,04:20,6.30,61.90
02.11.24,04:25,6.30,62.00
02.11.24,04:30,6.20,62.20
02.11.24,04:35,6.10,62.60
02.11.24,04:40,6.30,62.20
02.11.24,04:45,6.20,61.90
02.11.24,04:50,6.30,62.00
02.11.24,04:55,6.30,61.70
02.11.24,05:00,6.20,62.30
02.11.24,05:05,6.20,62.00
02.11.24,05:10,6.20,62.10
02.11.24,05:15,6.10,62.00
02.11.24,05:20,6.20,61.90
02.11.24,05:25,6.10,62.00
02.11.24,05:30,6.10,62.10
02.11.24,05:35,6.00,62.40
02.11.24,05:40,6.00,62.40
02.11.24,05:45,6.00,62.50
02.11.24,05:50,5.80,62.70
02.11.24,05:55,5.90,62.60
02.11.24,06:00,5.90,62.90
02.11.24,06:05,5.80,63.00
02.11.24,06:10,5.80,62.90
02.11.24,06:15,5.80,63.10
02.11.24,06:20,5.70,63.10
02.11.24,06:25,5.80,63.50
02.11.24,06:30,5.60,63.50
02.11.24,06:35,5.70,63.80
02.11.24,06:40,5.60,63.50
02.11.24,06:45,5.60,63.80
02.11.24,06:50,5.60,63.60
02.11.24,06:55,5.50,63.90
02.11.24,07:00,5.50,63.80
02.11.24,07:05,5.30,64.20
02.11.24,07:10,5.30,64.00
02.11.24,07:15,5.20,63.90
02.11.24,07:20,5.10,64.80
02.11.24,07:25,5.10,64.50
02.11.24,07:30,5.10,64.60
02.11.24,07:35,5.10,65.30
02.11.24,07:40,5.10,65.40
02.11.24,07:45,5.10,65.40
02.11.24,07:50,5.20,65.60
02.11.24,07:55,5.30,65.60
02.11.24,08:00,5.30,65.50
02.11.24,08:05,5.30,65.60
02.11.24,08:10,5.40,65.30
02.11.24,08:15,5.40,65.10
02.11.24,08:20,5.50,65.00
02.11.24,08:25,5.50,64.90
02.11.24,08:30,5.50,65.20
02.11.24,08:35,5.60,64.90
02.11.24,08:40,5.70,64.40
02.11.24,08:45,5.80,64.00
02.11.24,08:50,6.10,63.50
02.11.24,08:55,6.30,63.00
02.11.24,09:00,6.40,62.40
02.11.24,09:05,6.50,62.00
02.11.24,09:10,6.60,62.30
02.11.24,09:15,6.60,61.30
02.11.24,09:20,6.70,61.00
02.11.24,09:25,6.60,59.90
02.11.24,09:30,6.70,60.40
02.11.24,09:35,6.90,60.30
02.11.24,09:40,7.00,60.40
02.11.24,09:45,7.30,59.60
02.11.24,09:50,7.50,59.20
02.11.24,09:55,7.60,58.80
02.11.24,10:00,7.90,59.70
02.11.24,10:05,8.10,58.40
02.11.24,10:10,8.30,56.80
02.11.24,10:15,8.40,55.80
02.11.24,10:20,8.50,55.60
02.11.24,10:25,8.60,55.60
02.11.24,10:30,8.60,55.10
02.11.24,10:35,8.70,56.30
02.11.24,10:40,8.90,54.00
02.11.24,10:45,9.00,54.10
02.11.24,10:50,9.20,54.00
02.11.24,10:55,9.30,53.80
02.11.24,11:00,9.40,52.00
02.11.24,11:05,9.40,52.10
02.11.24,11:10,9.40,52.10
02.11.24,11:15,9.60,52.60
02.11.24,11:20,10.00,51.30
02.11.24,11:25,10.10,52.00
02.11.24,11:30,10.10,49.70
02.11.24,11:35,10.20,50.50
02.11.24,11:40,10.30,49.40
02.11.24,11:45,10.60,49.50
02.11.24,11:50,10.70,48.50
02.11.24,11:55,10.80,48.00
02.11.24,12:00,10.70,50.10
02.11.24,12:05,10.80,48.20
02.11.24,12:10,11.00,49.10
02.11.24,12:15,11.00,48.80
02.11.24,12:20,10.90,48.00
02.11.24,12:25,11.00,48.50
02.11.24,12:30,11.20,48.10
02.11.24,12:35,11.50,47.20
02.11.24,12:40,12.00,47.80
02.11.24,12:45,12.10,45.80
02.11.24,12:50,12.40,46.80
02.11.24,12:55,12.90,45.00
02.11.24,13:00,13.20,45.40
02.11.24,13:05,13.60,45.40
02.11.24,13:10,14.00,43.80
02.11.24,13:15,14.10,43.90
02.11.24,13:20,14.50,42.20
02.11.24,13:25,14.70,42.20
02.11.24,13:30,14.90,41.10
02.11.24,13:35,15.20,41.60
02.11.24,13:40,15.30,41.60
02.11.24,13:45,15.50,40.80
02.11.24,13:50,15.40,40.70
02.11.24,13:55,15.30,40.70
02.11.24,14:00,15.00,41.40
02.11.24,14:05,14.80,42.30
02.11.24,14:10,14.70,40.90
02.11.24,14:15,14.70,41.20
02.11.24,14:20,14.40,41.50
02.11.24,14:25,14.40,42.00
02.11.24,14:30,14.40,41.40
02.11.24,14:35,14.20,42.10
02.11.24,14:40,14.10,41.60
02.11.24,14:45,14.00,42.00
02.11.24,14:50,13.90,42.30
02.11.24,14:55,13.80,42.90
02.11.24,15:00,13.70,41.80
02.11.24,15:05,13.50,41.60
02.11.24,15:10,13.30,41.10
02.11.24,15:15,13.30,42.00
02.11.24,15:20,13.20,41.70
02.11.24,15:25,13.10,42.80
02.11.24,15:30,13.00,42.40
02.11.24,15:35,12.90,42.00
02.11.24,15:40,12.90,42.10
02.11.24,15:45,12.80,42.00
02.11.24,15:50,12.70,43.40
02.11.24,15:55,12.80,43.40
02.11.24,16:00,12.70,43.70
02.11.24,16:05,12.70,43.10
02.11.24,16:10,12.60,42.80
02.11.24,16:15,12.50,43.60
02.11.24,16:20,12.40,43.40
02.11.24,16:25,12.40,44.10
02.11.24,16:30,12.30,43.00
02.11.24,16:35,12.30,43.80
02.11.24,16:40,12.30,43.80
02.11.24,16:45,12.20,44.00
02.11.24,16:50,12.00,44.40
02.11.24,16:55,11.80,44.70
02.11.24,17:00,11.90,44.90
02.11.24,17:05,11.90,45.20
02.11.24,17:10,11.80,45.10
02.11.24,17:15,11.60,45.20
02.11.24,17:20,11.60,45.80
02.11.24,17:25,11.50,45.90
02.11.24,17:30,11.40,45.60
02.11.24,17:35,11.40,45.90
02.11.24,17:40,11.30,46.60
02.11.24,17:45,11.20,46.90
02.11.24,17:50,11.10,47.20
02.11.24,17:55,11.00,47.60
02.11.24,18:00,10.90,47.90
02.11.24,18:05,10.80,48.30
02.11.24,18:10,10.70,48.50
02.11.24,18:15,10.60,48.80
02.11.24,18:20,10.50,49.00
02.11.24,18:25,10.50,49.40
02.11.24,18:30,10.30,49.90
02.11.24,18:35,10.20,50.40
02.11.24,18:40,10.20,50.80
02.11.24,18:45,10.10,51.20
02.11.24,18:50,10.00,51.00
02.11.24,18:55,9.90,51.10
02.11.24,19:00,9.80,51.40
02.11.24,19:05,9.70,51.70
02.11.24,19:10,9.70,51.70
02.11.24,19:15,9.60,52.40
02.11.24,19:20,9.40,52.60
02.11.24,19:25,9.40,53.10
02.11.24,19:30,9.30,53.80
02.11.24,19:35,9.20,53.50
02.11.24,19:40,9.10,53.40
02.11.24,19:45,9.10,53.50
02.11.24,19:50,9.00,53.80
02.11.24,19:55,8.90,54.20
02.11.24,20:00,8.80,54.50
02.11.24,20:05,8.70,54.70
02.11.24,20:10,8.60,55.00
02.11.24,20:15,8.60,55.40
02.11.24,20:20,8.50,55.50
02.11.24,20:25,8.40,55.70
02.11.24,20:30,8.40,55.60
02.11.24,20:35,8.30,55.40
02.11.24,20:40,8.40,55.60
02.11.24,20:45,8.30,55.70
02.11.24,20:50,8.20,55.90
02.11.24,20:55,8.20,56.00
02.11.24,21:00,8.10,55.70
02.11.24,21:05,8.00,55.90
02.11.24,21:10,8.10,55.90
02.11.24,21:15,8.00,55.70
02.11.24,21:20,7.90,55.80
02.11.24,21:25,7.90,55.80
02.11.24,21:30,7.90,56.20
02.11.24,21:35,7.80,56.20
02.11.24,21:40,7.80,56.40
02.11.24,21:45,7.80,56.30
02.11.24,21:50,7.70,57.00
02.11.24,21:55,7.80,56.90
02.11.24,22:00,7.70,57.20
02.11.24,22:05,7.70,57.20
02.11.24,22:10,7.60,57.30
02.11.24,22:15,7.80,57.70
02.11.24,22:20,7.60,57.30
02.11.24,22:25,7.70,57.30
02.11.24,22:30,7.70,57.40
02.11.24,22:35,7.70,57.30
02.11.24,22:40,7.60,57.10
02.11.24,22:45,7.50,57.00
02.11.24,22:50,7.50,57.40
02.11.24,22:55,7.40,57.60
02.11.24,23:00,7.50,57.60
02.11.24,23:05,7.50,57.80
02.11.24,23:10,7.40,58.10
02.11.24,23:15,7.40,58.20
02.11.24,23:20,7.20,58.30
02.11.24,23:25,7.20,58.40
02.11.24,23:30,7.20,58.50
02.11.24,23:35,7.10,58.80
02.11.24,23:40,7.10,58.90
02.11.24,23:45,7.10,59.20
02.11.24,23:50,7.10,59.20
02.11.24,23:55,7.10,59.10
03.11.24,00:00,7.00,59.10
03.11.24,00:05,6.90,59.30
03.11.24,00:10,6.80,59.30
03.11.24,00:15,6.80,60.10
03.11.24,00:20,6.60,60.00
03.11.24,00:25,6.60,60.10
03.11.24,00:30,6.40,60.70
03.11.24,00:35,6.50,60.10
03.11.24,00:40,6.40,60.30
03.11.24,00:45,6.30,59.90
03.11.24,00:50,6.30,60.60
03.11.24,00:55,6.20,60.80
03.11.24,01:00,6.20,60.40
03.11.24,01:05,6.10,60.70
03.11.24,01:10,6.10,61.00
03.11.24,01:15,5.90,60.90
03.11.24,01:20,5.90,60.90
03.11.24,01:25,5.80,60.90
03.11.24,01:30,5.70,61.00
03.11.24,01:35,5.80,61.00
03.11.24,01:40,5.70,61.60
03.11.24,01:45,5.60,61.40
03.11.24,01:50,5.60,61.50
03.11.24,01:55,5.50,61.90
03.11.24,01:00,5.50,61.70
03.11.24,01:05,5.30,61.70
03.11.24,01:10,5.30,61.90
03.11.24,01:15,5.40,62.30
03.11.24,01:20,5.30,62.60
03.11.24,01:25,5.40,62.50
03.11.24,01:30,5.40,62.50
03.11.24,01:35,5.40,62.30
03.11.24,01:40,5.40,62.70
03.11.24,01:45,5.40,62.30
03.11.24,01:50,5.30,62.20
03.11.24,01:55,5.30,62.40
03.11.24,02:00,5.30,62.40
03.11.24,02:05,5.20,62.60
03.11.24,02:10,5.20,62.80
03.11.24,02:15,5.10,62.50
03.11.24,02:20,5.10,62.60
03.11.24,02:25,4.90,62.90
03.11.24,02:30,4.90,62.90
03.11.24,02:35,4.90,63.10
03.11.24,02:40,4.90,63.50
03.11.24,02:45,4.90,63.20
03.11.24,02:50,5.00,63.10
03.11.24,02:55,4.80,63.30
03.11.24,03:00,4.80,63.50
03.11.24,03:05,4.70,63.60
03.11.24,03:10,4.80,63.50
03.11.24,03:15,4.70,63.60
03.11.24,03:20,4.60,63.70
03.11.24,03:25,4.60,63.60
03.11.24,03:30,4.60,63.50
03.11.24,03:35,4.50,63.70
03.11.24,03:40,4.50,63.70
03.11.24,03:45,4.40,63.90
03.11.24,03:50,4.60,63.40
03.11.24,03:55,4.50,63.80
03.11.24,04:00,4.40,63.90
03.11.24,04:05,4.50,64.20
03.11.24,04:10,4.50,64.20
03.11.24,04:15,4.40,63.90
03.11.24,04:20,4.40,63.80
03.11.24,04:25,4.40,63.80
03.11.24,04:30,4.30,64.20
03.11.24,04:35,4.40,64.20
03.11.24,04:40,4.40,64.40
03.11.24,04:45,4.50,64.30
03.11.24,04:50,4.30,64.10
03.11.24,04:55,4.30,64.40
03.11.24,05:00,4.20,64.10
03.11.24,05:05,4.10,64.20
03.11.24,05:10,4.10,64.60
03.11.24,05:15,4.20,64.30
03.11.24,05:20,4.20,64.40
03.11.24,05:25,4.20,64.60
03.11.24,05:30,4.20,64.70
03.11.24,05:35,4.10,64.70
03.11.24,05:40,4.10,64.50
03.11.24,05:45,4.10,64.40
03.11.24,05:50,4.00,64.40
03.11.24,05:55,4.10,64.50
03.11.24,06:00,4.10,64.80
03.11.24,06:05,3.90,64.50
03.11.24,06:10,3.90,64.80
03.11.24,06:15,4.00,65.30
03.11.24,06:20,4.00,65.10
03.11.24,06:25,4.00,65.00
03.11.24,06:30,4.10,64.70
03.11.24,06:35,3.90,64.90
03.11.24,06:40,4.00,64.70
03.11.24,06:45,4.00,65.30
03.11.24,06:50,3.80,65.30
03.11.24,06:55,3.70,65.10
03.11.24,07:00,3.90,65.10
03.11.24,07:05,3.80,65.20
03.11.24,07:10,3.70,65.40
03.11.24,07:15,3.80,65.80
03.11.24,07:20,3.80,66.30
03.11.24,07:25,4.00,66.50
03.11.24,07:30,4.00,66.30
03.11.24,07:35,4.00,66.10
03.11.24,07:40,4.10,66.20
03.11.24,07:45,4.30,66.10
03.11.24,07:50,4.40,66.60
03.11.24,07:55,5.10,66.50
03.11.24,08:00,6.80,63.40
03.11.24,08:05,8.80,58.70
03.11.24,08:10,9.80,55.80
03.11.24,08:15,10.90,53.80
03.11.24,08:20,12.40,51.20
03.11.24,08:25,13.50,49.90
03.11.24,08:30,14.60,47.80
03.11.24,08:35,15.60,46.00
03.11.24,08:40,16.40,44.50
03.11.24,08:45,16.90,44.10
03.11.24,08:50,17.20,43.90
03.11.24,08:55,17.00,44.40
03.11.24,09:00,17.00,44.60
03.11.24,09:05,16.80,44.60
03.11.24,09:10,16.30,44.70
03.11.24,09:15,16.00,45.90
03.11.24,09:20,15.60,46.00
03.11.24,09:25,15.60,47.10
03.11.24,09:30,15.70,46.50
03.11.24,09:35,15.60,46.90
03.11.24,09:40,15.70,46.70
03.11.24,09:45,15.40,46.60
03.11.24,09:50,15.30,46.70
03.11.24,09:55,15.20,46.20
03.11.24,10:00,15.30,46.20
03.11.24,10:05,15.20,45.90
03.11.24,10:10,15.30,45.70
03.11.24,10:15,15.10,46.70
03.11.24,10:20,15.00,46.40
03.11.24,10:25,14.70,45.80
03.11.24,10:30,14.40,46.50
03.11.24,10:35,14.10,47.00
03.11.24,10:40,14.00,47.90
03.11.24,10:45,13.90,47.60
03.11.24,10:50,13.80,47.70
03.11.24,10:55,13.70,46.90
03.11.24,11:00,13.60,47.30
03.11.24,11:05,13.70,47.70
03.11.24,11:10,13.70,47.40
03.11.24,11:15,13.60,47.90
03.11.24,11:20,13.60,48.30
03.11.24,11:25,13.70,47.60
03.11.24,11:30,13.70,47.10
03.11.24,11:35,13.80,46.90
03.11.24,11:40,14.10,46.30
03.11.24,11:45,14.20,46.50
03.11.24,11:50,14.50,44.70
03.11.24,11:55,14.40,44.40
03.11.24,12:00,14.40,44.30
03.11.24,12:05,14.30,42.80
03.11.24,12:10,14.40,42.50
03.11.24,12:15,14.70,41.80
03.11.24,12:20,15.10,41.30
03.11.24,12:25,15.30,39.70
03.11.24,12:30,15.50,38.30
03.11.24,12:35,15.60,34.50
03.11.24,12:40,15.70,34.40
03.11.24,12:45,15.80,33.70
03.11.24,12:50,15.60,31.50
03.11.24,12:55,15.70,32.10
03.11.24,13:00,15.60,32.00
03.11.24,13:05,15.50,32.80
03.11.24,13:10,15.50,32.20
03.11.24,13:15,15.50,31.50
03.11.24,13:20,15.20,33.10
03.11.24,13:25,15.10,35.10
03.11.24,13:30,14.90,37.10
03.11.24,13:35,15.00,39.20
03.11.24,13:40,14.80,39.60
03.11.24,13:45,14.60,39.20
03.11.24,13:50,14.50,41.80
03.11.24,14:15,13.80,44.80
03.11.24,14:20,13.80,45.10
03.11.24,14:25,13.70,44.10
03.11.24,14:30,13.70,44.50
03.11.24,14:35,13.50,45.20
03.11.24,14:40,13.50,44.60
03.11.24,14:45,13.50,44.80
03.11.24,14:50,13.20,45.20
03.11.24,14:55,13.10,44.90
03.11.24,15:00,13.00,45.30
03.11.24,15:05,13.00,45.80
03.11.24,15:10,12.90,46.60
03.11.24,15:15,12.80,46.40
03.11.24,15:20,12.60,46.30
03.11.24,15:25,12.60,46.60
03.11.24,15:30,12.40,48.00
03.11.24,15:35,12.40,48.00
03.11.24,15:40,12.40,47.80
03.11.24,15:45,12.20,49.00
03.11.24,15:50,12.00,50.20
03.11.24,15:55,11.90,50.10
03.11.24,16:00,12.00,50.50
03.11.24,16:05,12.10,50.90
03.11.24,16:10,12.00,51.20
03.11.24,16:15,11.90,51.90
03.11.24,16:20,11.90,52.40
03.11.24,16:25,11.70,52.80
03.11.24,16:30,11.70,53.40
03.11.24,16:35,11.50,53.90
03.11.24,16:40,11.50,53.60
03.11.24,16:45,11.40,53.70
03.11.24,16:50,11.30,54.20
03.11.24,16:55,11.30,54.30
03.11.24,17:00,11.30,54.30
03.11.24,17:05,11.20,55.30
03.11.24,17:10,11.10,55.60
03.11.24,17:15,11.00,56.00
03.11.24,17:20,11.10,56.80
03.11.24,17:25,11.00,57.40
03.11.24,17:30,11.00,58.60
03.11.24,17:35,10.90,59.30
03.11.24,17:40,10.90,59.50
03.11.24,17:45,11.00,60.00
03.11.24,17:50,10.80,60.80
03.11.24,17:55,10.80,61.00
03.11.24,18:00,10.80,61.00
03.11.24,18:05,10.70,60.90
03.11.24,18:10,10.80,61.40
03.11.24,18:15,10.70,61.50
03.11.24,18:20,10.70,60.60
03.11.24,18:25,10.60,61.10
03.11.24,18:30,10.50,61.20
03.11.24,18:35,10.50,60.90
03.11.24,18:40,10.50,60.90
03.11.24,18:45,10.40,61.10
03.11.24,18:50,10.40,60.90
03.11.24,18:55,10.30,60.70
03.11.24,19:00,10.30,60.70
03.11.24,19:05,10.30,61.10
03.11.24,19:10,10.30,61.10
03.11.24,19:15,10.30,60.80
03.11.24,19:20,10.30,61.20
03.11.24,19:25,10.30,60.90
03.11.24,19:30,10.50,61.50
03.11.24,19:35,10.50,61.50
03.11.24,19:40,10.50,61.70
03.11.24,19:45,10.50,61.40
03.11.24,19:50,10.60,61.10
03.11.24,19:55,10.50,61.50
03.11.24,20:00,10.50,61.60
03.11.24,20:05,10.50,61.60
03.11.24,20:10,10.60,61.90
03.11.24,20:15,10.60,62.40
03.11.24,20:20,10.60,62.20
03.11.24,20:25,10.60,62.30
03.11.24,20:30,10.60,62.80
03.11.24,20:35,10.70,62.80
03.11.24,20:40,10.70,63.00
03.11.24,20:45,10.70,62.30
03.11.24,20:50,10.70,62.50
03.11.24,20:55,10.70,62.80
03.11.24,21:00,10.70,62.70
03.11.24,21:05,10.70,62.60
03.11.24,21:10,10.70,62.50
03.11.24,21:15,10.70,62.20
03.11.24,21:20,10.70,62.00
03.11.24,21:25,10.70,61.50
03.11.24,21:30,10.70,61.40
03.11.24,21:35,10.70,61.50
03.11.24,21:40,10.70,61.60
03.11.24,21:45,10.70,61.50
03.11.24,21:50,10.80,61.00
03.11.24,21:55,10.80,60.50
03.11.24,22:00,10.70,60.30
03.11.24,22:05,10.80,59.90
03.11.24,22:10,10.80,59.30
03.11.24,22:15,10.80,59.10
03.11.24,22:20,10.80,59.20
03.11.24,22:25,10.80,59.40
03.11.24,22:30,10.70,59.50
03.11.24,22:35,10.80,59.80
03.11.24,22:40,10.70,59.90
03.11.24,22:45,10.90,59.10
03.11.24,22:50,10.90,59.20
03.11.24,22:55,10.90,59.10
03.11.24,23:00,10.80,59.20
03.11.24,23:05,10.80,59.70
03.11.24,23:10,11.00,59.40
03.11.24,23:15,10.90,59.70
03.11.24,23:20,10.90,59.60
03.11.24,23:25,10.90,59.60
03.11.24,23:30,10.90,59.50
03.11.24,23:35,10.90,59.60
03.11.24,23:40,10.90,59.70
03.11.24,23:45,10.90,59.80
03.11.24,23:50,10.90,60.50
03.11.24,23:55,10.80,60.40
04.11.24,00:00,10.90,60.60
04.11.24,00:05,10.90,60.60
04.11.24,00:10,10.90,60.70
04.11.24,00:15,10.80,61.40
04.11.24,00:20,10.80,61.00
04.11.24,00:25,10.80,61.40
04.11.24,00:30,10.70,61.50
04.11.24,00:35,10.80,61.70
04.11.24,00:40,10.80,61.90
04.11.24,00:45,10.80,62.10
04.11.24,00:50,10.80,62.00
04.11.24,00:55,10.70,62.20
04.11.24,01:00,10.70,62.50
04.11.24,01:05,10.80,62.30
04.11.24,01:10,10.60,62.50
04.11.24,01:15,10.60,62.60
04.11.24,01:20,10.60,62.40
04.11.24,01:25,10.60,62.50
04.11.24,01:30,10.60,62.50
04.11.24,01:35,10.60,62.60
04.11.24,01:40,10.70,62.60
04.11.24,01:45,10.50,63.80
04.11.24,01:50,10.50,63.70
04.11.24,01:55,10.50,64.50
04.11.24,02:00,10.40,64.60
04.11.24,02:05,10.40,65.20
04.11.24,02:10,10.40,65.10
04.11.24,02:15,10.30,65.30
04.11.24,02:20,10.40,65.20
04.11.24,02:25,10.50,65.00
04.11.24,02:30,10.40,65.10
04.11.24,02:35,10.30,65.40
04.11.24,02:40,10.30,65.60
04.11.24,02:45,10.20,66.00
04.11.24,02:50,10.30,65.90
04.11.24,02:55,10.40,65.80
04.11.24,03:00,10.40,66.10
04.11.24,03:05,10.30,66.30
04.11.24,03:10,10.30,66.70
04.11.24,03:15,10.60,66.20
04.11.24,03:20,10.60,66.90
04.11.24,03:25,10.60,67.40
04.11.24,03:30,10.60,67.90
04.11.24,03:35,10.70,68.60
04.11.24,03:40,10.70,68.70
04.11.24,03:45,10.80,69.10
04.11.24,03:50,10.90,68.70
04.11.24,03:55,10.90,69.30
04.11.24,04:00,10.90,69.20
04.11.24,04:05,11.00,69.50
04.11.24,04:10,11.00,69.40
04.11.24,04:15,11.00,69.80
04.11.24,04:20,11.10,69.40
04.11.24,04:25,11.10,69.50
04.11.24,04:30,11.10,68.90
04.11.24,04:35,11.20,68.70
04.11.24,04:40,11.20,68.50
04.11.24,04:45,11.30,68.20
04.11.24,04:50,11.30,67.40
04.11.24,04:55,11.30,66.70
04.11.24,05:00,11.40,65.30
04.11.24,05:05,11.50,64.30
04.11.24,05:10,11.60,63.40
04.11.24,05:15,11.80,62.20
04.11.24,05:20,11.90,61.00
04.11.24,05:25,12.00,59.90
04.11.24,05:30,11.90,59.40
04.11.24,05:35,12.00,59.10
04.11.24,05:40,12.20,58.20
04.11.24,05:45,12.20,56.50
04.11.24,05:50,12.30,56.10
04.11.24,05:55,12.30,55.20
04.11.24,06:00,12.30,55.00
04.11.24,06:05,12.30,55.20
04.11.24,06:10,12.40,54.70
04.11.24,06:15,12.50,54.50
04.11.24,06:20,12.50,54.40
04.11.24,06:25,12.50,54.40
04.11.24,06:30,12.50,54.30
04.11.24,06:35,12.50,54.30
04.11.24,06:40,12.50,54.30
04.11.24,06:45,12.50,54.50
04.11.24,06:50,12.50,54.80
04.11.24,06:55,12.50,54.50
04.11.24,07:00,12.60,54.40
04.11.24,07:05,12.70,54.20
04.11.24,07:10,12.70,54.00
04.11.24,07:15,12.70,54.50
04.11.24,07:20,12.70,54.60
04.11.24,07:25,12.70,54.90
04.11.24,07:30,12.70,55.00
04.11.24,07:35,12.80,54.90
04.11.24,07:40,12.80,55.10
04.11.24,07:45,12.80,55.30
04.11.24,07:50,12.80,55.50
04.11.24,07:55,12.80,55.80
04.11.24,08:00,12.90,54.90
04.11.24,08:05,12.90,54.40
04.11.24,08:10,12.90,54.10
04.11.24,08:15,13.00,54.10
04.11.24,08:20,13.00,53.30
04.11.24,08:25,13.10,52.50
04.11.24,08:30,13.10,52.40
04.11.24,08:35,13.10,52.00
04.11.24,08:40,13.20,51.90
04.11.24,08:45,13.20,51.20
04.11.24,08:50,13.40,51.20
04.11.24,08:55,13.40,51.20
04.11.24,09:00,13.50,50.60
04.11.24,09:05,13.40,50.60
04.11.24,09:10,13.40,50.90
04.11.24,09:15,13.50,50.60
04.11.24,09:20,13.50,50.90
04.11.24,09:25,13.60,50.80
04.11.24,09:30,13.60,50.60
04.11.24,09:35,13.70,50.50
04.11.24,09:40,13.80,50.50
04.11.24,09:45,13.90,51.20
04.11.24,09:50,14.10,49.80
04.11.24,09:55,14.10,49.40
04.11.24,10:00,14.10,49.40
04.11.24,10:05,14.20,49.30
04.11.24,10:10,14.20,49.20
04.11.24,10:15,14.20,49.50
04.11.24,10:20,14.20,49.80
04.11.24,10:25,14.20,50.00
04.11.24,10:30,14.30,50.30
04.11.24,10:35,14.30,50.50
04.11.24,10:40,14.50,50.00
04.11.24,10:45,14.50,49.60
04.11.24,10:50,14.50,49.50
04.11.24,10:55,14.60,50.00
04.11.24,11:00,14.70,49.60
04.11.24,11:05,14.70,50.40
04.11.24,11:10,14.70,51.00
04.11.24,11:15,14.70,51.30
04.11.24,11:20,14.80,51.80
04.11.24,11:25,14.80,50.50
04.11.24,11:30,14.80,51.90
04.11.24,11:35,14.90,51.40
04.11.24,11:40,15.00,50.80
04.11.24,11:45,15.10,50.90
04.11.24,11:50,15.10,51.10
04.11.24,11:55,15.20,50.70
04.11.24,12:00,15.30,51.20
04.11.24,12:05,15.40,52.20
04.11.24,12:10,15.40,53.80
04.11.24,12:15,15.40,54.70
04.11.24,12:20,15.40,54.90
04.11.24,12:25,15.40,54.90
04.11.24,12:30,15.50,55.10
04.11.24,12:35,15.60,55.20
04.11.24,12:40,15.80,55.00
04.11.24,12:45,15.80,55.40
04.11.24,12:50,15.90,55.20
04.11.24,12:55,15.90,55.30
04.11.24,13:00,16.00,54.90
04.11.24,13:05,16.20,55.00
04.11.24,13:10,16.30,54.70
04.11.24,13:15,16.60,54.10
04.11.24,13:20,16.70,54.30
04.11.24,13:25,16.90,54.50
04.11.24,13:30,16.90,54.10
04.11.24,13:35,16.90,54.50
04.11.24,13:40,17.00,54.30
04.11.24,13:45,17.00,54.30
04.11.24,13:50,17.00,54.30
04.11.24,13:55,17.00,54.30
04.11.24,14:00,17.10,53.90
04.11.24,14:05,17.10,53.80
04.11.24,14:10,17.00,53.40
04.11.24,14:15,17.00,53.60
04.11.24,14:20,17.00,53.50
04.11.24,14:25,17.00,53.50
04.11.24,14:30,16.90,53.50
04.11.24,14:35,16.90,54.00
04.11.24,14:40,16.90,54.10
04.11.24,14:45,16.90,54.30
04.11.24,14:50,16.90,54.10
04.11.24,14:55,16.80,54.30
04.11.24,15:00,16.70,54.40
04.11.24,15:05,16.80,54.60
04.11.24,15:10,16.70,54.50
04.11.24,15:15,16.70,54.30
04.11.24,15:20,16.60,54.70
04.11.24,15:25,16.60,55.20
04.11.24,15:30,16.50,55.00
04.11.24,15:35,16.50,55.00
04.11.24,15:40,16.50,55.20
04.11.24,15:45,16.40,55.20
04.11.24,15:50,16.30,55.10
04.11.24,15:55,16.30,55.40
04.11.24,16:00,16.20,56.00
04.11.24,16:05,16.20,57.30
04.11.24,16:10,16.20,58.40
04.11.24,16:15,16.10,59.00
04.11.24,16:20,16.00,59.00
04.11.24,16:25,15.90,59.30
04.11.24,16:30,15.90,59.40
04.11.24,16:35,15.90,59.30
04.11.24,16:40,15.90,59.00
04.11.24,16:45,15.80,59.10
04.11.24,16:50,15.70,59.00
04.11.24,16:55,15.60,59.60
04.11.24,17:00,15.60,60.30
04.11.24,17:05,15.50,61.60
04.11.24,17:10,15.50,61.50
04.11.24,17:15,15.50,61.10
04.11.24,17:20,15.30,61.80
04.11.24,17:25,15.30,62.30
04.11.24,17:30,15.20,62.20
04.11.24,17:35,15.20,62.70
04.11.24,17:40,15.20,62.40
04.11.24,17:45,15.10,62.70
04.11.24,17:50,15.20,62.80
04.11.24,17:55,15.10,62.70
04.11.24,18:00,15.10,63.20
04.11.24,18:05,15.10,63.70
04.11.24,18:10,15.10,63.60
04.11.24,18:15,15.10,64.10
04.11.24,18:20,15.20,63.90
04.11.24,18:25,15.20,63.70
04.11.24,18:30,15.10,64.00
04.11.24,18:35,15.10,64.80
04.11.24,18:40,15.20,64.20
04.11.24,18:45,15.20,64.30
04.11.24,18:50,15.20,64.40
04.11.24,18:55,15.30,64.50
04.11.24,19:00,15.20,64.30
04.11.24,19:05,15.20,64.30
04.11.24,19:10,15.20,64.80
04.11.24,19:15,15.20,64.50
04.11.24,19:20,15.30,64.40
04.11.24,19:25,15.20,64.00
04.11.24,19:30,15.30,64.50
04.11.24,19:35,15.30,64.90
04.11.24,19:40,15.30,64.80
04.11.24,19:45,15.30,65.10
04.11.24,19:50,15.30,64.60
04.11.24,19:55,15.30,65.00
